ADK,AK,ALASKA,ALEUTIANS WEST,ADAK ISLAND,ADAK
ANC,AK,ALASKA,ANCHORAGE,ANCHORAGE,TED STEVENS ANCHORAGE INTERNATIONAL
BRW,AK,ALASKA,NORTH SLOPE,BARROW,WILEY POST-WILL ROGERS MEMORIAL
BET,AK,ALASKA,BETHEL,BETHEL,BETHEL
CDB,AK,ALASKA,ALEUTIANS EAST,COLD BAY,COLD BAY
CDV,AK,ALASKA,CORDOVA-MCCARTHY,CORDOVA,MERLE K (MUDHOLE) SMITH
SCC,AK,ALASKA,NORTH SLOPE,DEADHORSE,DEADHORSE
DLG,AK,ALASKA,BRISTOL BAY,DILLINGHAM,DILLINGHAM
FAI,AK,ALASKA,FAIRBANKS NORTH STAR,FAIRBANKS,FAIRBANKS INTERNATIONAL
GBH,AK,ALASKA,NOME,GALBRAITH LAKE,GALBRAITH LAKE
GST,AK,ALASKA,SKAGWAY-YAKUTAT,GUSTAVUS,GUSTAVUS
HOM,AK,ALASKA,KENAI-COOK INLET,HOMER,HOMER
JNU,AK,ALASKA,JUNEAU,JUNEAU,JUNEAU INTERNATIONAL
ENA,AK,ALASKA,KENAI-COOK INLET,KENAI,KENAI MUNICIPAL
KTN,AK,ALASKA,KETCHIKAN GATEWAY,KETCHIKAN,KETCHIKAN INTERNATIONAL
AKN,AK,ALASKA,BRISTOL BAY,KING SALMON,KING SALMON
ADQ,AK,ALASKA,KODIAK ISLAND,KODIAK,KODIAK
OTZ,AK,ALASKA,KOBUK,KOTZEBUE,RALPH WIEN MEMORIAL
OME,AK,ALASKA,NOME,NOME,NOME
PSG,AK,ALASKA,WRANGELL-PETERSBURG,PETERSBURG,PETERSBURG JAMES A JOHNSON
PPC,AK,ALASKA,UPPER YUKON,PROSPECT CREEK,PROSPECT CREEK
SIT,AK,ALASKA,SITKA,SITKA,SITKA ROCKY GUTIERREZ
DUT,AK,ALASKA,ALEUTIANS WEST,UNALASKA,UNALASKA
VDZ,AK,ALASKA,VALDEZ-CHITNA-WHITIE,VALDEZ,VALDEZ PIONEER FIELD
WRG,AK,ALASKA,WRANGELL-PETERSBURG,WRANGELL,WRANGELL
YAK,AK,ALASKA,SKAGWAY-YAKUTAT,YAKUTAT,YAKUTAT
ANB,AL,ALABAMA,CALHOUN,ANNISTON,ANNISTON REGIONAL
BHM,AL,ALABAMA,JEFFERSON,BIRMINGHAM,BIRMINGHAM-SHUTTLESWORTH INTERNATIONAL
DHN,AL,ALABAMA,DALE,DOTHAN,DOTHAN REGIONAL
HSV,AL,ALABAMA,MADISON,HUNTSVILLE,HUNTSVILLE INTERNATIONAL-CARL T JONES FIELD
BFM,AL,ALABAMA,MOBILE,MOBILE,MOBILE DOWNTOWN
MOB,AL,ALABAMA,MOBILE,MOBILE,MOBILE REGIONAL
MGM,AL,ALABAMA,MONTGOMERY,MONTGOMERY,MONTGOMERY REGIONAL (DANNELLY FIELD)
MSL,AL,ALABAMA,COLBERT,MUSCLE SHOALS,NORTHWEST ALABAMA REGIONAL
TCL,AL,ALABAMA,TUSCALOOSA,TUSCALOOSA,TUSCALOOSA REGIONAL
FYV,AR,ARKANSAS,WASHINGTON,FAYETTEVILLE,DRAKE FIELD
XNA,AR,ARKANSAS,BENTON,FAYETTEVILLE/SPRINGDALE/,NORTHWEST ARKANSAS REGIONAL
FSM,AR,ARKANSAS,SEBASTIAN,FORT SMITH,FORT SMITH REGIONAL
HOT,AR,ARKANSAS,GARLAND,HOT SPRINGS,MEMORIAL FIELD
LIT,AR,ARKANSAS,PULASKI,LITTLE ROCK,BILL AND HILLARY CLINTON NATIONAL/ADAMS FIELD
TXK,AR,ARKANSAS,MILLER,TEXARKANA,TEXARKANA REGIONAL-WEBB FIELD
IFP,AZ,ARIZONA,MOHAVE,BULLHEAD CITY,LAUGHLIN/BULLHEAD INTERNATIONAL
FLG,AZ,ARIZONA,COCONINO,FLAGSTAFF,FLAGSTAFF PULLIAM
FHU,AZ,ARIZONA,COCHISE,FORT HUACHUCA SIERRA VISTA,SIERRA VISTA MUNICIPAL-LIBBY AAF
GCN,AZ,ARIZONA,COCONINO,GRAND CANYON,GRAND CANYON NATIONAL PARK
IGM,AZ,ARIZONA,MOHAVE,KINGMAN,KINGMAN
PGA,AZ,ARIZONA,COCONINO,PAGE,PAGE MUNICIPAL
1G4,AZ,ARIZONA,MOHAVE,PEACH SPRINGS,GRAND CANYON WEST
PHX,AZ,ARIZONA,MARICOPA,PHOENIX,PHOENIX SKY HARBOR INTERNATIONAL
IWA,AZ,ARIZONA,MARICOPA,PHOENIX,PHOENIX-MESA GATEWAY
PRC,AZ,ARIZONA,YAVAPAI,PRESCOTT,ERNEST A. LOVE FIELD
SOW,AZ,ARIZONA,NAVAJO,SHOW LOW,SHOW LOW REGIONAL
TUS,AZ,ARIZONA,PIMA,TUCSON,TUCSON INTERNATIONAL
NYL,AZ,ARIZONA,YUMA,YUMA,YUMA MCAS/YUMA INTERNATIONAL
ACV,CA,CALIFORNIA,HUMBOLDT,ARCATA/EUREKA,ARCATA
BFL,CA,CALIFORNIA,KERN,BAKERSFIELD,MEADOWS FIELD
BUR,CA,CALIFORNIA,LOS ANGELES,BURBANK,BOB HOPE
CRQ,CA,CALIFORNIA,SAN DIEGO,CARLSBAD,MC CLELLAN-PALOMAR
CIC,CA,CALIFORNIA,BUTTE,CHICO,CHICO MUNICIPAL
CCR,CA,CALIFORNIA,CONTRA COSTA,CONCORD,BUCHANAN FIELD
CEC,CA,CALIFORNIA,DEL NORTE,CRESCENT CITY,JACK MC NAMARA FIELD
FAT,CA,CALIFORNIA,FRESNO,FRESNO,FRESNO YOSEMITE INTERNATIONAL
IPL,CA,CALIFORNIA,IMPERIAL,IMPERIAL,IMPERIAL COUNTY
IYK,CA,CALIFORNIA,KERN,INYOKERN,INYOKERN
LGB,CA,CALIFORNIA,LOS ANGELES,LONG BEACH,LONG BEACH /DAUGHERTY FIELD/
LAX,CA,CALIFORNIA,LOS ANGELES,LOS ANGELES,LOS ANGELES INTERNATIONAL
MMH,CA,CALIFORNIA,MONO,MAMMOTH LAKES,MAMMOTH YOSEMITE
MCE,CA,CALIFORNIA,MERCED,MERCED,MERCED REGIONAL//MACREADY FIELD
MOD,CA,CALIFORNIA,STANISLAUS,MODESTO,MODESTO CITY-CO-HARRY SHAM FIELD
MRY,CA,CALIFORNIA,MONTEREY,MONTEREY,MONTEREY REGIONAL
OAK,CA,CALIFORNIA,ALAMEDA,OAKLAND,METROPOLITAN OAKLAND INTERNATIONAL
ONT,CA,CALIFORNIA,SAN BERNARDINO,ONTARIO,ONTARIO INTERNATIONAL
OXR,CA,CALIFORNIA,VENTURA,OXNARD,OXNARD
PSP,CA,CALIFORNIA,RIVERSIDE,PALM SPRINGS,PALM SPRINGS INTERNATIONAL
RDD,CA,CALIFORNIA,SHASTA,REDDING,REDDING MUNICIPAL
SMF,CA,CALIFORNIA,SACRAMENTO,SACRAMENTO,SACRAMENTO INTERNATIONAL
SBD,CA,CALIFORNIA,SAN BERNARDINO,SAN BERNARDINO,SAN BERNARDINO INTERNATIONAL
SAN,CA,CALIFORNIA,SAN DIEGO,SAN DIEGO,SAN DIEGO INTERNATIONAL
SFO,CA,CALIFORNIA,SAN MATEO,SAN FRANCISCO,SAN FRANCISCO INTERNATIONAL
SJC,CA,CALIFORNIA,SANTA CLARA,SAN JOSE,NORMAN Y. MINETA SAN JOSE INTERNATIONAL
SBP,CA,CALIFORNIA,SAN LUIS OBISPO,SAN LUIS OBISPO,SAN LUIS COUNTY REGIONAL
SNA,CA,CALIFORNIA,ORANGE,SANTA ANA,JOHN WAYNE AIRPORT-ORANGE COUNTY
SBA,CA,CALIFORNIA,SANTA BARBARA,SANTA BARBARA,SANTA BARBARA MUNICIPAL
SMX,CA,CALIFORNIA,SANTA BARBARA,SANTA MARIA,SANTA MARIA PUB/CAPT G ALLAN HANCOCK FIELD
STS,CA,CALIFORNIA,SONOMA,SANTA ROSA,CHARLES M. SCHULZ - SONOMA COUNTY
TVL,CA,CALIFORNIA,EL DORADO,SOUTH LAKE TAHOE,LAKE TAHOE
SCK,CA,CALIFORNIA,SAN JOAQUIN,STOCKTON,STOCKTON METROPOLITAN
VCV,CA,CALIFORNIA,SAN BERNARDINO,VICTORVILLE,SOUTHERN CALIFORNIA LOGISTICS
VIS,CA,CALIFORNIA,TULARE,VISALIA,VISALIA MUNICIPAL
ALS,CO,COLORADO,ALAMOSA,ALAMOSA,SAN LUIS VALLEY REGIONAL/BERGMAN FIELD
ASE,CO,COLORADO,PITKIN,ASPEN,ASPEN-PITKIN CO/SARDY FIELD
COS,CO,COLORADO,EL PASO,COLORADO SPRINGS,CITY OF COLORADO SPRINGS MUNICIPAL
CEZ,CO,COLORADO,MONTEZUMA,CORTEZ,CORTEZ MUNICIPAL
DEN,CO,COLORADO,DENVER,DENVER,DENVER INTERNATIONAL
BJC,CO,COLORADO,JEFFERSON,DENVER,ROCKY MOUNTAIN METROPOLITAN
DRO,CO,COLORADO,LA PLATA,DURANGO,DURANGO-LA PLATA COUNTY
EGE,CO,COLORADO,EAGLE,EAGLE,EAGLE COUNTY REGIONAL
FNL,CO,COLORADO,LARIMER,FORT COLLINS/LOVELAND,FORT COLLINS-LOVELAND MUNICIPAL
GJT,CO,COLORADO,MESA,GRAND JUNCTION,GRAND JUNCTION REGIONAL
GUC,CO,COLORADO,GUNNISON,GUNNISON,GUNNISON-CRESTED BUTTE REGIONAL
HDN,CO,COLORADO,ROUTT,HAYDEN,YAMPA VALLEY
MTJ,CO,COLORADO,MONTROSE,MONTROSE,MONTROSE REGIONAL
PUB,CO,COLORADO,PUEBLO,PUEBLO,PUEBLO MEMORIAL
TEX,CO,COLORADO,SAN MIGUEL,TELLURIDE,TELLURIDE REGIONAL
BDR,CT,CONNECTICUT,FAIRFIELD,BRIDGEPORT,IGOR I SIKORSKY MEMORIAL
GON,CT,CONNECTICUT,NEW LONDON,GROTON (NEW LONDON),GROTON-NEW LONDON
HVN,CT,CONNECTICUT,NEW HAVEN,NEW HAVEN,TWEED-NEW HAVEN
BDL,CT,CONNECTICUT,HARTFORD,WINDSOR LOCKS,BRADLEY INTERNATIONAL
DCA,DC,DIST. OF COLUMBIA,ARLINGTON,WASHINGTON,RONALD REAGAN WASHINGTON NATIONAL
IAD,DC,DIST. OF COLUMBIA,LOUDOUN,WASHINGTON,WASHINGTON DULLES INTERNATIONAL
ILG,DE,DELAWARE,NEW CASTLE,WILMINGTON,NEW CASTLE
DAB,FL,FLORIDA,VOLUSIA,DAYTONA BEACH,DAYTONA BEACH INTERNATIONAL
FLL,FL,FLORIDA,BROWARD,FORT LAUDERDALE,FORT LAUDERDALE/HOLLYWOOD INTERNATIONAL
RSW,FL,FLORIDA,LEE,FORT MYERS,SOUTHWEST FLORIDA INTERNATIONAL
GNV,FL,FLORIDA,ALACHUA,GAINESVILLE,GAINESVILLE REGIONAL
JAX,FL,FLORIDA,DUVAL,JACKSONVILLE,JACKSONVILLE INTERNATIONAL
EYW,FL,FLORIDA,MONROE,KEY WEST,KEY WEST INTERNATIONAL
LAL,FL,FLORIDA,POLK,LAKELAND,LAKELAND LINDER REGIONAL
MTH,FL,FLORIDA,MONROE,MARATHON,THE FLORIDA KEYS MARATHON
MLB,FL,FLORIDA,BREVARD,MELBOURNE,MELBOURNE INTERNATIONAL
MIA,FL,FLORIDA,DADE,MIAMI,MIAMI INTERNATIONAL
APF,FL,FLORIDA,COLLIER,NAPLES,NAPLES MUNICIPAL
OCF,FL,FLORIDA,MARION,OCALA,OCALA INTERNATIONAL-JIM TAYLOR FIELD
MCO,FL,FLORIDA,ORANGE,ORLANDO,ORLANDO INTERNATIONAL
SFB,FL,FLORIDA,SEMINOLE,ORLANDO,ORLANDO SANFORD INTERNATIONAL
ECP,FL,FLORIDA,BAY,PANAMA CITY,NORTHWEST FLORIDA BEACHES INTERNATIONAL
PNS,FL,FLORIDA,ESCAMBIA,PENSACOLA,PENSACOLA GULF COAST REGIONAL
PGD,FL,FLORIDA,CHARLOTTE,PUNTA GORDA,PUNTA GORDA
SRQ,FL,FLORIDA,SARASOTA,SARASOTA/BRADENTON,SARASOTA/BRADENTON INTERNATIONAL
SGJ,FL,FLORIDA,ST JOHNS,ST AUGUSTINE,NORTHEAST FLORIDA REGIONAL
PIE,FL,FLORIDA,PINELLAS,ST PETERSBURG-CLEARWATER,ST PETERSBURG-CLEARWATER INTERNATIONAL
TLH,FL,FLORIDA,LEON,TALLAHASSEE,TALLAHASSEE REGIONAL
TPA,FL,FLORIDA,HILLSBOROUGH,TAMPA,TAMPA INTERNATIONAL
TIX,FL,FLORIDA,BREVARD,TITUSVILLE,SPACE COAST REGIONAL
VRB,FL,FLORIDA,INDIAN RIVER,VERO BEACH,VERO BEACH MUNICIPAL
PBI,FL,FLORIDA,PALM BEACH,WEST PALM BEACH,PALM BEACH INTERNATIONAL
ABY,GA,GEORGIA,DOUGHERTY,ALBANY,SOUTHWEST GEORGIA REGIONAL
AHN,GA,GEORGIA,CLARKE,ATHENS,ATHENS/BEN EPPS
ATL,GA,GEORGIA,FULTON,ATLANTA,HARTSFIELD - JACKSON ATLANTA INTERNATIONAL
AGS,GA,GEORGIA,RICHMOND,AUGUSTA,AUGUSTA REGIONAL AT BUSH FIELD
BQK,GA,GEORGIA,GLYNN,BRUNSWICK,BRUNSWICK GOLDEN ISLES
CSG,GA,GEORGIA,MUSCOGEE,COLUMBUS,COLUMBUS
MCN,GA,GEORGIA,BIBB,MACON,MIDDLE GEORGIA REGIONAL
SAV,GA,GEORGIA,CHATHAM,SAVANNAH,SAVANNAH/HILTON HEAD INTERNATIONAL
VLD,GA,GEORGIA,LOWNDES,VALDOSTA,VALDOSTA REGIONAL
ITO,HI,HAWAII,HAWAII,HILO,HILO INTERNATIONAL
HNL,HI,HAWAII,HONOLULU,HONOLULU,HONOLULU INTERNATIONAL
OGG,HI,HAWAII,MAUI,KAHULUI,KAHULUI
KOA,HI,HAWAII,HAWAII,KAILUA/KONA,KONA INTERNATIONAL AT KEAHOLE
MKK,HI,HAWAII,MAUI,KAUNAKAKAI,MOLOKAI
LNY,HI,HAWAII,MAUI,LANAI CITY,LANAI
LIH,HI,HAWAII,KAUAI,LIHUE,LIHUE
CID,IA,IOWA,LINN,CEDAR RAPIDS,THE EASTERN IOWA
DSM,IA,IOWA,POLK,DES MOINES,DES MOINES INTERNATIONAL
DBQ,IA,IOWA,DUBUQUE,DUBUQUE,DUBUQUE REGIONAL
FOD,IA,IOWA,WEBSTER,FORT DODGE,FORT DODGE REGIONAL
MCW,IA,IOWA,CERRO GORDO,MASON CITY,MASON CITY MUNICIPAL
SUX,IA,IOWA,WOODBURY,SIOUX CITY,SIOUX GATEWAY/COL. BUD DAY FIELD
ALO,IA,IOWA,BLACK HAWK,WATERLOO,WATERLOO REGIONAL
BOI,ID,IDAHO,ADA,BOISE,BOISE AIR TERMINAL/GOWEN FIELD
COE,ID,IDAHO,KOOTENAI,COEUR D'ALENE,COEUR D'ALENE - PAPPY BOYINGTON FIELD
SUN,ID,IDAHO,BLAINE,HAILEY,FRIEDMAN MEMORIAL
IDA,ID,IDAHO,BONNEVILLE,IDAHO FALLS,IDAHO FALLS REGIONAL
LWS,ID,IDAHO,NEZ PERCE,LEWISTON,LEWISTON-NEZ PERCE COUNTY
PIH,ID,IDAHO,POWER,POCATELLO,POCATELLO REGIONAL
TWF,ID,IDAHO,TWIN FALLS,TWIN FALLS,JOSLIN FIELD - MAGIC VALLEY REGIONAL
ALN,IL,ILLINOIS,MADISON,ALTON/ST LOUIS,ST LOUIS REGIONAL
BLV,IL,ILLINOIS,ST CLAIR,BELLEVILLE,SCOTT AFB/MIDAMERICA
BMI,IL,ILLINOIS,MC LEAN,BLOOMINGTON/NORMAL,CENTRAL IL REGIONAL ARPT AT BLOOMINGTON-NORMAL
CPS,IL,ILLINOIS,ST CLAIR,CAHOKIA/ST LOUIS,ST LOUIS DOWNTOWN
MDH,IL,ILLINOIS,JACKSON,CARBONDALE/MURPHYSBORO,SOUTHERN ILLINOIS
CMI,IL,ILLINOIS,CHAMPAIGN,CHAMPAIGN/URBANA,UNIVERSITY OF ILLINOIS-WILLARD
MDW,IL,ILLINOIS,COOK,CHICAGO,CHICAGO MIDWAY INTERNATIONAL
ORD,IL,ILLINOIS,COOK,CHICAGO,CHICAGO O'HARE INTERNATIONAL
RFD,IL,ILLINOIS,WINNEBAGO,CHICAGO/ROCKFORD,CHICAGO/ROCKFORD INTERNATIONAL
DEC,IL,ILLINOIS,MACON,DECATUR,DECATUR
MWA,IL,ILLINOIS,WILLIAMSON,MARION,WILLIAMSON COUNTY REGIONAL
MTO,IL,ILLINOIS,COLES,MATTOON/CHARLESTON,COLES COUNTY MEMORIAL
MLI,IL,ILLINOIS,ROCK ISLAND,MOLINE,QUAD CITY INTERNATIONAL
MVN,IL,ILLINOIS,JEFFERSON,MOUNT VERNON,MOUNT VERNON
PIA,IL,ILLINOIS,PEORIA,PEORIA,GENERAL DOWNING - PEORIA INTERNATIONAL
UIN,IL,ILLINOIS,ADAMS,QUINCY,QUINCY REGIONAL-BALDWIN FIELD
SPI,IL,ILLINOIS,SANGAMON,SPRINGFIELD,ABRAHAM LINCOLN CAPITAL
BMG,IN,INDIANA,MONROE,BLOOMINGTON,MONROE COUNTY
BAK,IN,INDIANA,BARTHOLOMEW,COLUMBUS,COLUMBUS MUNICIPAL
EVV,IN,INDIANA,VANDERBURGH,EVANSVILLE,EVANSVILLE REGIONAL
FWA,IN,INDIANA,ALLEN,FORT WAYNE,FORT WAYNE INTERNATIONAL
GYY,IN,INDIANA,LAKE,GARY,GARY/CHICAGO INTERNATIONAL
IND,IN,INDIANA,MARION,INDIANAPOLIS,INDIANAPOLIS INTERNATIONAL
LAF,IN,INDIANA,TIPPECANOE,LAFAYETTE,PURDUE UNIVERSITY
MIE,IN,INDIANA,DELAWARE,MUNCIE,DELAWARE COUNTY REGIONAL
SBN,IN,INDIANA,ST JOSEPH,SOUTH BEND,SOUTH BEND
HUF,IN,INDIANA,VIGO,TERRE HAUTE,TERRE HAUTE INTERNATIONAL-HULMAN FIELD
VPZ,IN,INDIANA,PORTER,VALPARAISO,PORTER COUNTY REGIONAL
DDC,KS,KANSAS,FORD,DODGE CITY,DODGE CITY REGIONAL
GCK,KS,KANSAS,FINNEY,GARDEN CITY,GARDEN CITY REGIONAL
GBD,KS,KANSAS,BARTON,GREAT BEND,GREAT BEND MUNICIPAL
HYS,KS,KANSAS,ELLIS,HAYS,HAYS REGIONAL
HUT,KS,KANSAS,RENO,HUTCHINSON,HUTCHINSON MUNICIPAL
LBL,KS,KANSAS,SEWARD,LIBERAL,LIBERAL MID-AMERICA REGIONAL
MHK,KS,KANSAS,RILEY,MANHATTAN,MANHATTAN REGIONAL
SLN,KS,KANSAS,SALINE,SALINA,SALINA REGIONAL
FOE,KS,KANSAS,SHAWNEE,TOPEKA,FORBES FIELD
ICT,KS,KANSAS,SEDGWICK,WICHITA,WICHITA MID-CONTINENT
BWG,KY,KENTUCKY,WARREN,BOWLING GREEN,BOWLING GREEN-WARREN COUNTY REGIONAL
CVG,KY,KENTUCKY,BOONE,COVINGTON,CINCINNATI/NORTHERN KENTUCKY INTERNATIONAL
LEX,KY,KENTUCKY,FAYETTE,LEXINGTON,BLUE GRASS
SDF,KY,KENTUCKY,JEFFERSON,LOUISVILLE,LOUISVILLE INTERNATIONAL-STANDIFORD FIELD
OWB,KY,KENTUCKY,DAVIESS,OWENSBORO,OWENSBORO-DAVIESS COUNTY
PAH,KY,KENTUCKY,MC CRACKEN,PADUCAH,BARKLEY REGIONAL
AEX,LA,LOUISIANA,RAPIDES,ALEXANDRIA,ALEXANDRIA INTERNATIONAL
BTR,LA,LOUISIANA,EAST BATON ROUGE,BATON ROUGE,"BATON ROUGE METROPOLITAN, RYAN FIELD"
LFT,LA,LOUISIANA,LAFAYETTE,LAFAYETTE,LAFAYETTE REGIONAL
CWF,LA,LOUISIANA,CALCASIEU,LAKE CHARLES,CHENNAULT INTERNATIONAL
LCH,LA,LOUISIANA,CALCASIEU,LAKE CHARLES,LAKE CHARLES REGIONAL
MLU,LA,LOUISIANA,OUACHITA,MONROE,MONROE REGIONAL
ARA,LA,LOUISIANA,IBERIA,NEW IBERIA,ACADIANA REGIONAL
MSY,LA,LOUISIANA,JEFFERSON,NEW ORLEANS,LOUIS ARMSTRONG NEW ORLEANS INTERNATIONAL
SHV,LA,LOUISIANA,CADDO,SHREVEPORT,SHREVEPORT REGIONAL
BED,MA,MASSACHUSETTS,MIDDLESEX,BEDFORD,LAURENCE G HANSCOM FIELD
BOS,MA,MASSACHUSETTS,SUFFOLK,BOSTON,GENERAL EDWARD LAWRENCE LOGAN INTERNATIONAL
HYA,MA,MASSACHUSETTS,BARNSTABLE,HYANNIS,BARNSTABLE MUNICIPAL-BOARDMAN/POLANDO FIELD
ACK,MA,MASSACHUSETTS,NANTUCKET,NANTUCKET,NANTUCKET MEMORIAL
CEF,MA,MASSACHUSETTS,HAMPDEN,SPRINGFIELD/CHICOPEE,WESTOVER ARB/METROPOLITAN
MVY,MA,MASSACHUSETTS,DUKES,VINEYARD HAVEN,MARTHAS VINEYARD
BAF,MA,MASSACHUSETTS,HAMPDEN,WESTFIELD/SPRINGFIELD,WESTFIELD-BARNES REGIONAL
ORH,MA,MASSACHUSETTS,WORCESTER,WORCESTER,WORCESTER REGIONAL
BWI,MD,MARYLAND,ANNE ARUNDEL,BALTIMORE,BALTIMORE/WASHINGTON INTERNATIONAL THURGOOD MARSHAL
HGR,MD,MARYLAND,WASHINGTON,HAGERSTOWN,HAGERSTOWN REGIONAL-RICHARD A HENSON FIELD
SBY,MD,MARYLAND,WICOMICO,SALISBURY,SALISBURY-OCEAN CITY WICOMICO REGIONAL
BGR,ME,MAINE,PENOBSCOT,BANGOR,BANGOR INTERNATIONAL
BHB,ME,MAINE,HANCOCK,BAR HARBOR,HANCOCK COUNTY-BAR HARBOR
PWM,ME,MAINE,CUMBERLAND,PORTLAND,PORTLAND INTERNATIONAL JETPORT
PQI,ME,MAINE,AROOSTOOK,PRESQUE ISLE,NORTHERN MAINE REGIONAL ARPT AT PRESQUE IS
APN,MI,MICHIGAN,ALPENA,ALPENA,ALPENA COUNTY REGIONAL
BTL,MI,MICHIGAN,CALHOUN,BATTLE CREEK,W K KELLOGG
DTW,MI,MICHIGAN,WAYNE,DETROIT,DETROIT METROPOLITAN WAYNE COUNTY
YIP,MI,MICHIGAN,WAYNE,DETROIT,WILLOW RUN
ESC,MI,MICHIGAN,DELTA,ESCANABA,DELTA COUNTY
FNT,MI,MICHIGAN,GENESEE,FLINT,BISHOP INTERNATIONAL
GRR,MI,MICHIGAN,KENT,GRAND RAPIDS,GERALD R. FORD INTERNATIONAL
CMX,MI,MICHIGAN,HOUGHTON,HANCOCK,HOUGHTON COUNTY MEMORIAL
IMT,MI,MICHIGAN,DICKINSON,IRON MOUNTAIN KINGSFORD,FORD
IWD,MI,MICHIGAN,GOGEBIC,IRONWOOD,GOGEBIC-IRON COUNTY
AZO,MI,MICHIGAN,KALAMAZOO,KALAMAZOO,KALAMAZOO/BATTLE CREEK INTERNATIONAL
LAN,MI,MICHIGAN,CLINTON,LANSING,CAPITAL REGION INTERNATIONAL
MBL,MI,MICHIGAN,MANISTEE,MANISTEE,MANISTEE CO.-BLACKER
SAW,MI,MICHIGAN,MARQUETTE,MARQUETTE,SAWYER INTERNATIONAL
MKG,MI,MICHIGAN,MUSKEGON,MUSKEGON,MUSKEGON COUNTY
PLN,MI,MICHIGAN,EMMET,PELLSTON,PELLSTON REGIONAL AIRPORT OF EMMET COUNTY
PTK,MI,MICHIGAN,OAKLAND,PONTIAC,OAKLAND COUNTY INTERNATIONAL
MBS,MI,MICHIGAN,SAGINAW,SAGINAW,MBS INTERNATIONAL
CIU,MI,MICHIGAN,CHIPPEWA,SAULT STE MARIE,CHIPPEWA COUNTY INTERNATIONAL
TVC,MI,MICHIGAN,GRAND TRAVERSE,TRAVERSE CITY,CHERRY CAPITAL
BJI,MN,MINNESOTA,BELTRAMI,BEMIDJI,BEMIDJI REGIONAL
BRD,MN,MINNESOTA,CROW WING,BRAINERD,BRAINERD LAKES REGIONAL
DLH,MN,MINNESOTA,ST LOUIS,DULUTH,DULUTH INTERNATIONAL
HIB,MN,MINNESOTA,ST LOUIS,HIBBING,RANGE REGIONAL
INL,MN,MINNESOTA,KOOCHICHING,INTERNATIONAL FALLS,FALLS INTERNATIONAL
MSP,MN,MINNESOTA,HENNEPIN,MINNEAPOLIS,MINNEAPOLIS-ST PAUL INTERNATIONAL/WOLD-CHAMBERLAIN
RST,MN,MINNESOTA,OLMSTED,ROCHESTER,ROCHESTER INTERNATIONAL
STC,MN,MINNESOTA,SHERBURNE,ST CLOUD,ST CLOUD REGIONAL
TVF,MN,MINNESOTA,PENNINGTON,THIEF RIVER FALLS,THIEF RIVER FALLS REGIONAL
BBG,MO,MISSOURI,TANEY,BRANSON,BRANSON
CGI,MO,MISSOURI,SCOTT,CAPE GIRARDEAU,CAPE GIRARDEAU REGIONAL
COU,MO,MISSOURI,BOONE,COLUMBIA,COLUMBIA REGIONAL
JLN,MO,MISSOURI,JASPER,JOPLIN,JOPLIN REGIONAL
MKC,MO,MISSOURI,CLAY,KANSAS CITY,CHARLES B. WHEELER DOWNTOWN
MCI,MO,MISSOURI,PLATTE,KANSAS CITY,KANSAS CITY INTERNATIONAL
IRK,MO,MISSOURI,ADAIR,KIRKSVILLE,KIRKSVILLE REGIONAL
SGF,MO,MISSOURI,GREENE,SPRINGFIELD,SPRINGFIELD-BRANSON NATIONAL
STJ,MO,MISSOURI,BUCHANAN,ST JOSEPH,ROSECRANS MEMORIAL
STL,MO,MISSOURI,ST LOUIS,ST LOUIS,LAMBERT-ST LOUIS INTERNATIONAL
SUS,MO,MISSOURI,ST LOUIS,ST LOUIS,SPIRIT OF ST LOUIS
MDY,MQ,MIDWAY ATOLL,MIDWAY ISLANDS,SAND ISLAND,HENDERSON FIELD
HSA,MS,MISSISSIPPI,HANCOCK,BAY ST LOUIS,STENNIS INTERNATIONAL
GTR,MS,MISSISSIPPI,LOWNDES,COLUMBUS/W POINT/STARKVILLE,GOLDEN TRIANGLE REGIONAL
GLH,MS,MISSISSIPPI,WASHINGTON,GREENVILLE,GREENVILLE MID-DELTA
GPT,MS,MISSISSIPPI,HARRISON,GULFPORT,GULFPORT-BILOXI INTERNATIONAL
PIB,MS,MISSISSIPPI,JONES,HATTIESBURG/LAUREL,HATTIESBURG-LAUREL REGIONAL
JAN,MS,MISSISSIPPI,RANKIN,JACKSON,JACKSON-MEDGAR WILEY EVERS INTERNATIONAL
MEI,MS,MISSISSIPPI,LAUDERDALE,MERIDIAN,KEY FIELD
HEZ,MS,MISSISSIPPI,ADAMS,NATCHEZ,HARDY-ANDERS FIELD NATCHEZ-ADAMS COUNTY
UOX,MS,MISSISSIPPI,LAFAYETTE,OXFORD,UNIVERSITY-OXFORD
UTA,MS,MISSISSIPPI,TUNICA,TUNICA,TUNICA MUNICIPAL
TUP,MS,MISSISSIPPI,LEE,TUPELO,TUPELO REGIONAL
BIL,MT,MONTANA,YELLOWSTONE,BILLINGS,BILLINGS LOGAN INTERNATIONAL
BZN,MT,MONTANA,GALLATIN,BOZEMAN,BOZEMAN YELLOWSTONE INTERNATIONAL
BTM,MT,MONTANA,SILVER BOW,BUTTE,BERT MOONEY
GGW,MT,MONTANA,VALLEY,GLASGOW,WOKAL FIELD/GLASGOW INTERNATIONAL
GDV,MT,MONTANA,DAWSON,GLENDIVE,DAWSON COMMUNICIPALTY
GTF,MT,MONTANA,CASCADE,GREAT FALLS,GREAT FALLS INTERNATIONAL
HVR,MT,MONTANA,HILL,HAVRE,HAVRE CITY-COUNTY
HLN,MT,MONTANA,LEWIS AND CLARK,HELENA,HELENA REGIONAL
GPI,MT,MONTANA,FLATHEAD,KALISPELL,GLACIER PARK INTERNATIONAL
LWT,MT,MONTANA,FERGUS,LEWISTOWN,LEWISTOWN MUNICIPAL
MLS,MT,MONTANA,CUSTER,MILES CITY,FRANK WILEY FIELD
MSO,MT,MONTANA,MISSOULA,MISSOULA,MISSOULA INTERNATIONAL
SDY,MT,MONTANA,RICHLAND,SIDNEY,SIDNEY-RICHLAND MUNICIPAL
WYS,MT,MONTANA,GALLATIN,WEST YELLOWSTONE,YELLOWSTONE
OLF,MT,MONTANA,ROOSEVELT,WOLF POINT,L M CLAYTON
AVL,NC,NORTH CAROLINA,BUNCOMBE,ASHEVILLE,ASHEVILLE REGIONAL
CLT,NC,NORTH CAROLINA,MECKLENBURG,CHARLOTTE,CHARLOTTE/DOUGLAS INTERNATIONAL
JQF,NC,NORTH CAROLINA,CABARRUS,CONCORD,CONCORD REGIONAL
FAY,NC,NORTH CAROLINA,CUMBERLAND,FAYETTEVILLE,FAYETTEVILLE REGIONAL/GRANNIS FIELD
GSO,NC,NORTH CAROLINA,GUILFORD,GREENSBORO,PIEDMONT TRIAD INTERNATIONAL
PGV,NC,NORTH CAROLINA,PITT,GREENVILLE,PITT-GREENVILLE
HKY,NC,NORTH CAROLINA,CATAWBA,HICKORY,HICKORY REGIONAL
OAJ,NC,NORTH CAROLINA,ONSLOW,JACKSONVILLE,ALBERT J ELLIS
ISO,NC,NORTH CAROLINA,LENOIR,KINSTON,KINSTON REGIONAL JETPORT AT STALLINGS FIELD
EWN,NC,NORTH CAROLINA,CRAVEN,NEW BERN,COASTAL CAROLINA REGIONAL
SOP,NC,NORTH CAROLINA,MOORE,PINEHURST/SOUTHERN PINES,MOORE COUNTY
RDU,NC,NORTH CAROLINA,WAKE,RALEIGH/DURHAM,RALEIGH-DURHAM INTERNATIONAL
RWI,NC,NORTH CAROLINA,NASH,ROCKY MOUNT,ROCKY MOUNT-WILSON REGIONAL
ILM,NC,NORTH CAROLINA,NEW HANOVER,WILMINGTON,WILMINGTON INTERNATIONAL
INT,NC,NORTH CAROLINA,FORSYTH,WINSTON SALEM,SMITH REYNOLDS
BIS,ND,NORTH DAKOTA,BURLEIGH,BISMARCK,BISMARCK MUNICIPAL
DVL,ND,NORTH DAKOTA,RAMSEY,DEVILS LAKE,DEVILS LAKE REGIONAL
DIK,ND,NORTH DAKOTA,STARK,DICKINSON,DICKINSON - THEODORE ROOSEVELT REGIONAL
FAR,ND,NORTH DAKOTA,CASS,FARGO,HECTOR INTERNATIONAL
GFK,ND,NORTH DAKOTA,GRAND FORKS,GRAND FORKS,GRAND FORKS INTERNATIONAL
JMS,ND,NORTH DAKOTA,STUTSMAN,JAMESTOWN,JAMESTOWN REGIONAL
MOT,ND,NORTH DAKOTA,WARD,MINOT,MINOT INTERNATIONAL
ISN,ND,NORTH DAKOTA,WILLIAMS,WILLISTON,SLOULIN FIELD INTERNATIONAL
AIA,NE,NEBRASKA,BOX BUTTE,ALLIANCE,ALLIANCE MUNICIPAL
CDR,NE,NEBRASKA,DAWES,CHADRON,CHADRON MUNICIPAL
GRI,NE,NEBRASKA,HALL,GRAND ISLAND,CENTRAL NEBRASKA REGIONAL
EAR,NE,NEBRASKA,BUFFALO,KEARNEY,KEARNEY REGIONAL
LNK,NE,NEBRASKA,LANCASTER,LINCOLN,LINCOLN
MCK,NE,NEBRASKA,RED WILLOW,MC COOK,MC COOK BEN NELSON REGIONAL
LBF,NE,NEBRASKA,LINCOLN,NORTH PLATTE,NORTH PLATTE REGIONAL AIRPORT LEE BIRD FIELD
OMA,NE,NEBRASKA,DOUGLAS,OMAHA,EPPLEY AIRFIELD
BFF,NE,NEBRASKA,SCOTTS BLUFF,SCOTTSBLUFF,WESTERN NEBRASKA REGIONAL/WILLIAM B. HEILIG FI
MHT,NH,NEW HAMPSHIRE,HILLSBOROUGH,MANCHESTER,MANCHESTER
PSM,NH,NEW HAMPSHIRE,ROCKINGHAM,PORTSMOUTH,PORTSMOUTH INTERNATIONAL AT PEASE
ACY,NJ,NEW JERSEY,ATLANTIC,ATLANTIC CITY,ATLANTIC CITY INTERNATIONAL
EWR,NJ,NEW JERSEY,ESSEX,NEWARK,NEWARK LIBERTY INTERNATIONAL
TEB,NJ,NEW JERSEY,BERGEN,TETERBORO,TETERBORO
TTN,NJ,NEW JERSEY,MERCER,TRENTON,TRENTON MERCER
ABQ,NM,NEW MEXICO,BERNALILLO,ALBUQUERQUE,ALBUQUERQUE INTERNATIONAL SUNPORT
CNM,NM,NEW MEXICO,EDDY,CARLSBAD,CAVERN CITY AIR TRML
CVN,NM,NEW MEXICO,CURRY,CLOVIS,CLOVIS MUNICIPAL
FMN,NM,NEW MEXICO,SAN JUAN,FARMINGTON,FOUR CORNERS REGIONAL
HOB,NM,NEW MEXICO,LEA,HOBBS,LEA COUNTY REGIONAL
LRU,NM,NEW MEXICO,DONA ANA,LAS CRUCES,LAS CRUCES INTERNATIONAL
ROW,NM,NEW MEXICO,CHAVES,ROSWELL,ROSWELL INTERNATIONAL AIR CENTER
SRR,NM,NEW MEXICO,LINCOLN,RUIDOSO,SIERRA BLANCA REGIONAL
SAF,NM,NEW MEXICO,SANTA FE,SANTA FE,SANTA FE MUNICIPAL
SVC,NM,NEW MEXICO,GRANT,SILVER CITY,GRANT COUNTY
EKO,NV,NEVADA,ELKO,ELKO,ELKO REGIONAL
ELY,NV,NEVADA,WHITE PINE,ELY,ELY ARPT /YELLAND FIELD/
LAS,NV,NEVADA,CLARK,LAS VEGAS,MC CARRAN INTERNATIONAL
VGT,NV,NEVADA,CLARK,LAS VEGAS,NORTH LAS VEGAS
RNO,NV,NEVADA,WASHOE,RENO,RENO/TAHOE INTERNATIONAL
ALB,NY,NEW YORK,ALBANY,ALBANY,ALBANY INTERNATIONAL
BGM,NY,NEW YORK,BROOME,BINGHAMTON,GREATER BINGHAMTON/EDWIN A LINK FIELD
BUF,NY,NEW YORK,ERIE,BUFFALO,BUFFALO NIAGARA INTERNATIONAL
ELM,NY,NEW YORK,CHEMUNG,ELMIRA/CORNING,ELMIRA/CORNING REGIONAL
FRG,NY,NEW YORK,SUFFOLK,FARMINGDALE,REPUBLIC
GFL,NY,NEW YORK,WARREN,GLENS FALLS,FLOYD BENNETT MEMORIAL
ITH,NY,NEW YORK,TOMPKINS,ITHACA,ITHACA TOMPKINS REGIONAL
JHW,NY,NEW YORK,CHAUTAUQUA,JAMESTOWN,CHAUTAUQUA COUNTY/JAMESTOWN
MSS,NY,NEW YORK,ST LAWRENCE,MASSENA,MASSENA INTERNATIONAL-RICHARDS FIELD
MSV,NY,NEW YORK,SULLIVAN,MONTICELLO,SULLIVAN COUNTY INTERNATIONAL
JFK,NY,NEW YORK,QUEENS,NEW YORK,JOHN F KENNEDY INTERNATIONAL
LGA,NY,NEW YORK,QUEENS,NEW YORK,LA GUARDIA
ISP,NY,NEW YORK,SUFFOLK,NEW YORK,LONG ISLAND MAC ARTHUR
SWF,NY,NEW YORK,ORANGE,NEWBURGH,STEWART INTERNATIONAL
IAG,NY,NEW YORK,NIAGARA,NIAGARA FALLS,NIAGARA FALLS INTERNATIONAL
OGS,NY,NEW YORK,ST LAWRENCE,OGDENSBURG,OGDENSBURG INTERNATIONAL
PBG,NY,NEW YORK,CLINTON,PLATTSBURGH,PLATTSBURGH INTERNATIONAL
POU,NY,NEW YORK,DUTCHESS,POUGHKEEPSIE,DUTCHESS COUNTY
ROC,NY,NEW YORK,MONROE,ROCHESTER,GREATER ROCHESTER INTERNATIONAL
RME,NY,NEW YORK,ONEIDA,ROME,GRIFFISS INTERNATIONAL
SLK,NY,NEW YORK,FRANKLIN,SARANAC LAKE,ADIRONDACK REGIONAL
SYR,NY,NEW YORK,ONONDAGA,SYRACUSE,SYRACUSE HANCOCK INTERNATIONAL
ART,NY,NEW YORK,JEFFERSON,WATERTOWN,WATERTOWN INTERNATIONAL
HPN,NY,NEW YORK,WESTCHESTER,WHITE PLAINS,WESTCHESTER COUNTY
CAK,OH,OHIO,SUMMIT,AKRON,AKRON-CANTON REGIONAL
LUK,OH,OHIO,HAMILTON,CINCINNATI,CINCINNATI MUNICIPAL AIRPORT LUNKEN FIELD
BKL,OH,OHIO,CUYAHOGA,CLEVELAND,BURKE LAKEFRONT
CLE,OH,OHIO,CUYAHOGA,CLEVELAND,CLEVELAND-HOPKINS INTERNATIONAL
OSU,OH,OHIO,FRANKLIN,COLUMBUS,OHIO STATE UNIVERSITY
CMH,OH,OHIO,FRANKLIN,COLUMBUS,PORT COLUMBUS INTERNATIONAL
LCK,OH,OHIO,FRANKLIN,COLUMBUS,RICKENBACKER INTERNATIONAL
DAY,OH,OHIO,MONTGOMERY,DAYTON,JAMES M COX DAYTON INTERNATIONAL
MFD,OH,OHIO,RICHLAND,MANSFIELD,MANSFIELD LAHM REGIONAL
SGH,OH,OHIO,CLARK,SPRINGFIELD,SPRINGFIELD-BECKLEY MUNICIPAL
TOL,OH,OHIO,LUCAS,TOLEDO,TOLEDO EXPRESS
ILN,OH,OHIO,CLINTON,WILMINGTON,WILMINGTON AIR PARK
YNG,OH,OHIO,TRUMBULL,YOUNGSTOWN/WARREN,YOUNGSTOWN-WARREN REGIONAL
LAW,OK,OKLAHOMA,COMANCHE,LAWTON,LAWTON-FORT SILL REGIONAL
OKC,OK,OKLAHOMA,OKLAHOMA,OKLAHOMA CITY,WILL ROGERS WORLD
SWO,OK,OKLAHOMA,PAYNE,STILLWATER,STILLWATER REGIONAL
TUL,OK,OKLAHOMA,TULSA,TULSA,TULSA INTERNATIONAL
EUG,OR,OREGON,LANE,EUGENE,MAHLON SWEET FIELD
LMT,OR,OREGON,KLAMATH,KLAMATH FALLS,KLAMATH FALLS
MFR,OR,OREGON,JACKSON,MEDFORD,ROGUE VALLEY INTERNATIONAL - MEDFORD
ONP,OR,OREGON,LINCOLN,NEWPORT,NEWPORT MUNICIPAL
OTH,OR,OREGON,COOS,NORTH BEND,SOUTHWEST OREGON REGIONAL
PDT,OR,OREGON,UMATILLA,PENDLETON,EASTERN OREGON REGIONAL AT PENDLETON
PDX,OR,OREGON,MULTNOMAH,PORTLAND,PORTLAND INTERNATIONAL
RDM,OR,OREGON,DESCHUTES,REDMOND,ROBERTS FIELD
SLE,OR,OREGON,MARION,SALEM,MCNARY FIELD
ABE,PA,PENNSYLVANIA,LEHIGH,ALLENTOWN,LEHIGH VALLEY INTERNATIONAL
AOO,PA,PENNSYLVANIA,BLAIR,ALTOONA,ALTOONA-BLAIR COUNTY
BFD,PA,PENNSYLVANIA,MC KEAN,BRADFORD,BRADFORD REGIONAL
DUJ,PA,PENNSYLVANIA,JEFFERSON,DUBOIS,DUBOIS REGIONAL
ERI,PA,PENNSYLVANIA,ERIE,ERIE,ERIE INTERNATIONAL/TOM RIDGE FIELD
FKL,PA,PENNSYLVANIA,VENANGO,FRANKLIN,VENANGO REGIONAL
MDT,PA,PENNSYLVANIA,DAUPHIN,HARRISBURG,HARRISBURG INTERNATIONAL
JST,PA,PENNSYLVANIA,CAMBRIA,JOHNSTOWN,JOHN MURTHA JOHNSTOWN-CAMBRIA CO
LNS,PA,PENNSYLVANIA,LANCASTER,LANCASTER,LANCASTER
LBE,PA,PENNSYLVANIA,WESTMORELAND,LATROBE,ARNOLD PALMER REGIONAL
PHL,PA,PENNSYLVANIA,PHILADELPHIA,PHILADELPHIA,PHILADELPHIA INTERNATIONAL
PIT,PA,PENNSYLVANIA,ALLEGHENY,PITTSBURGH,PITTSBURGH INTERNATIONAL
RDG,PA,PENNSYLVANIA,BERKS,READING,READING REGIONAL/CARL A SPAATZ FIELD
UNV,PA,PENNSYLVANIA,CENTRE,STATE COLLEGE,UNIVERSITY PARK
AVP,PA,PENNSYLVANIA,LUZERNE,WILKES-BARRE/SCRANTON,WILKES-BARRE/SCRANTON INTERNATIONAL
IPT,PA,PENNSYLVANIA,LYCOMING,WILLIAMSPORT,WILLIAMSPORT REGIONAL
PVD,RI,RHODE ISLAND,KENT,PROVIDENCE,THEODORE FRANCIS GREEN STATE
AND,SC,SOUTH CAROLINA,ANDERSON,ANDERSON,ANDERSON REGIONAL
CHS,SC,SOUTH CAROLINA,CHARLESTON,CHARLESTON,CHARLESTON AFB/INTERNATIONAL
CAE,SC,SOUTH CAROLINA,LEXINGTON,COLUMBIA,COLUMBIA METROPOLITAN
FLO,SC,SOUTH CAROLINA,FLORENCE,FLORENCE,FLORENCE REGIONAL
GYH,SC,SOUTH CAROLINA,GREENVILLE,GREENVILLE,DONALDSON CENTER
GSP,SC,SOUTH CAROLINA,GREENVILLE,GREER,GREENVILLE SPARTANBURG INTERNATIONAL
HXD,SC,SOUTH CAROLINA,BEAUFORT,HILTON HEAD ISLAND,HILTON HEAD
MYR,SC,SOUTH CAROLINA,HORRY,MYRTLE BEACH,MYRTLE BEACH INTERNATIONAL
ABR,SD,SOUTH DAKOTA,BROWN,ABERDEEN,ABERDEEN REGIONAL
BKX,SD,SOUTH DAKOTA,BROOKINGS,BROOKINGS,BROOKINGS REGIONAL
HON,SD,SOUTH DAKOTA,BEADLE,HURON,HURON REGIONAL
PIR,SD,SOUTH DAKOTA,HUGHES,PIERRE,PIERRE REGIONAL
RAP,SD,SOUTH DAKOTA,PENNINGTON,RAPID CITY,RAPID CITY REGIONAL
FSD,SD,SOUTH DAKOTA,MINNEHAHA,SIOUX FALLS,JOE FOSS FIELD
ATY,SD,SOUTH DAKOTA,CODINGTON,WATERTOWN,WATERTOWN REGIONAL
TRI,TN,TENNESSEE,SULLIVAN,BRISTOL/JOHNSON/KINGSPORT,TRI-CITIES REGIONAL TN/VA
CHA,TN,TENNESSEE,HAMILTON,CHATTANOOGA,LOVELL FIELD
MKL,TN,TENNESSEE,MADISON,JACKSON,MC KELLAR-SIPES REGIONAL
TYS,TN,TENNESSEE,BLOUNT,KNOXVILLE,MC GHEE TYSON
MEM,TN,TENNESSEE,SHELBY,MEMPHIS,MEMPHIS INTERNATIONAL
NQA,TN,TENNESSEE,SHELBY,MILLINGTON,MILLINGTON REGIONAL JETPORT
BNA,TN,TENNESSEE,DAVIDSON,NASHVILLE,NASHVILLE INTERNATIONAL
MQY,TN,TENNESSEE,RUTHERFORD,SMYRNA,SMYRNA
ABI,TX,TEXAS,TAYLOR,ABILENE,ABILENE REGIONAL
AMA,TX,TEXAS,POTTER,AMARILLO,RICK HUSBAND AMARILLO INTERNATIONAL
LBX,TX,TEXAS,BRAZORIA,ANGLETON/LAKE JACKSON,TEXAS GULF COAST REGIONAL
AUS,TX,TEXAS,TRAVIS,AUSTIN,AUSTIN-BERGSTROM INTERNATIONAL
BPT,TX,TEXAS,JEFFERSON,BEAUMONT/PORT ARTHUR,JACK BROOKS REGIONAL
BRO,TX,TEXAS,CAMERON,BROWNSVILLE,BROWNSVILLE/SOUTH PADRE ISLAND INTERNATIONAL
CLL,TX,TEXAS,BRAZOS,COLLEGE STATION,EASTERWOOD FIELD
CRP,TX,TEXAS,NUECES,CORPUS CHRISTI,CORPUS CHRISTI INTERNATIONAL
DAL,TX,TEXAS,DALLAS,DALLAS,DALLAS LOVE FIELD
DFW,TX,TEXAS,TARRANT,DALLAS-FORT WORTH,DALLAS/FORT WORTH INTERNATIONAL
DRT,TX,TEXAS,VAL VERDE,DEL RIO,DEL RIO INTERNATIONAL
ELP,TX,TEXAS,EL PASO,EL PASO,EL PASO INTERNATIONAL
GRK,TX,TEXAS,BELL,FORT HOOD/KILLEEN,ROBERT GRAY AAF
AFW,TX,TEXAS,TARRANT,FORT WORTH,FORT WORTH ALLIANCE
FTW,TX,TEXAS,TARRANT,FORT WORTH,FORT WORTH MEACHAM INTERNATIONAL
HRL,TX,TEXAS,CAMERON,HARLINGEN,VALLEY INTERNATIONAL
EFD,TX,TEXAS,HARRIS,HOUSTON,ELLINGTON
IAH,TX,TEXAS,HARRIS,HOUSTON,GEORGE BUSH INTERCONTINENTAL/HOUSTON
HOU,TX,TEXAS,HARRIS,HOUSTON,WILLIAM P HOBBY
LRD,TX,TEXAS,WEBB,LAREDO,LAREDO INTERNATIONAL
GGG,TX,TEXAS,GREGG,LONGVIEW,EAST TEXAS REGIONAL
LBB,TX,TEXAS,LUBBOCK,LUBBOCK,LUBBOCK PRESTON SMITH INTERNATIONAL
MFE,TX,TEXAS,HIDALGO,MC ALLEN,MC ALLEN MILLER INTERNATIONAL
MAF,TX,TEXAS,MIDLAND,MIDLAND,MIDLAND INTERNATIONAL
SJT,TX,TEXAS,TOM GREEN,SAN ANGELO,SAN ANGELO REGIONAL/MATHIS FIELD
SAT,TX,TEXAS,BEXAR,SAN ANTONIO,SAN ANTONIO INTERNATIONAL
TYR,TX,TEXAS,SMITH,TYLER,TYLER POUNDS REGIONAL
VCT,TX,TEXAS,VICTORIA,VICTORIA,VICTORIA REGIONAL
ACT,TX,TEXAS,MC LENNAN,WACO,WACO REGIONAL
SPS,TX,TEXAS,WICHITA,WICHITA FALLS,SHEPPARD AFB/WICHITA FALLS MUNICIPAL
CDC,UT,UTAH,IRON,CEDAR CITY,CEDAR CITY REGIONAL
LGU,UT,UTAH,CACHE,LOGAN,LOGAN-CACHE
CNY,UT,UTAH,GRAND,MOAB,CANYONLANDS FIELD
OGD,UT,UTAH,WEBER,OGDEN,OGDEN-HINCKLEY
PVU,UT,UTAH,UTAH,PROVO,PROVO MUNICIPAL
SLC,UT,UTAH,SALT LAKE,SALT LAKE CITY,SALT LAKE CITY INTERNATIONAL
SGU,UT,UTAH,WASHINGTON,ST GEORGE,ST GEORGE MUNICIPAL
VEL,UT,UTAH,UINTAH,VERNAL,VERNAL REGIONAL
ENV,UT,UTAH,TOOELE,WENDOVER,WENDOVER
CHO,VA,VIRGINIA,ALBEMARLE,CHARLOTTESVILLE,CHARLOTTESVILLE-ALBEMARLE
LYH,VA,VIRGINIA,CAMPBELL,LYNCHBURG,LYNCHBURG REGIONAL/PRESTON GLENN FIELD
PHF,VA,VIRGINIA,NEWPORT NEWS,NEWPORT NEWS,NEWPORT NEWS/WILLIAMSBURG INTERNATIONAL
ORF,VA,VIRGINIA,NORFOLK,NORFOLK,NORFOLK INTERNATIONAL
RIC,VA,VIRGINIA,HENRICO,RICHMOND,RICHMOND INTERNATIONAL
ROA,VA,VIRGINIA,ROANOKE,ROANOKE,ROANOKE REGIONAL/WOODRUM FIELD
SHD,VA,VIRGINIA,AUGUSTA,STAUNTON/WAYNESBORO/HARRISONBURG,SHENANDOAH VALLEY REGIONAL
STT,VI,VIRGIN ISLANDS,-VIRGIN ISLANDS-,CHARLOTTE AMALIE,CYRIL E KING
STX,VI,VIRGIN ISLANDS,-VIRGIN ISLANDS-,CHRISTIANSTED,HENRY E ROHLSEN
BTV,VT,VERMONT,CHITTENDEN,BURLINGTON,BURLINGTON INTERNATIONAL
RUT,VT,VERMONT,RUTLAND,RUTLAND,RUTLAND - SOUTHERN VERMONT REGIONAL
BLI,WA,WASHINGTON,WHATCOM,BELLINGHAM,BELLINGHAM INTERNATIONAL
PAE,WA,WASHINGTON,SNOHOMISH,EVERETT,SNOHOMISH COUNTY (PAINE FIELD)
MWH,WA,WASHINGTON,GRANT,MOSES LAKE,GRANT CO INTERNATIONAL
PSC,WA,WASHINGTON,FRANKLIN,PASCO,TRI-CITIES
PUW,WA,WASHINGTON,WHITMAN,"PULLMAN/MOSCOW,ID",PULLMAN/MOSCOW REGIONAL
BFI,WA,WASHINGTON,KING,SEATTLE,BOEING FIELD/KING COUNTY INTERNATIONAL
SEA,WA,WASHINGTON,KING,SEATTLE,SEATTLE-TACOMA INTERNATIONAL
GEG,WA,WASHINGTON,SPOKANE,SPOKANE,SPOKANE INTERNATIONAL
ALW,WA,WASHINGTON,WALLA WALLA,WALLA WALLA,WALLA WALLA REGIONAL
EAT,WA,WASHINGTON,DOUGLAS,WENATCHEE,PANGBORN MEMORIAL
YKM,WA,WASHINGTON,YAKIMA,YAKIMA,YAKIMA AIR TERMINAL/MCALLISTER FIELD
ATW,WI,WISCONSIN,OUTAGAMIE,APPLETON,OUTAGAMIE COUNTY REGIONAL
EAU,WI,WISCONSIN,CHIPPEWA,EAU CLAIRE,CHIPPEWA VALLEY REGIONAL
GRB,WI,WISCONSIN,BROWN,GREEN BAY,AUSTIN STRAUBEL INTERNATIONAL
JVL,WI,WISCONSIN,ROCK,JANESVILLE,SOUTHERN WISCONSIN REGIONAL
LSE,WI,WISCONSIN,LA CROSSE,LA CROSSE,LA CROSSE MUNICIPAL
MSN,WI,WISCONSIN,DANE,MADISON,DANE COUNTY REGIONAL-TRUAX FIELD
MKE,WI,WISCONSIN,MILWAUKEE,MILWAUKEE,GENERAL MITCHELL INTERNATIONAL
CWA,WI,WISCONSIN,MARATHON,MOSINEE,CENTRAL WISCONSIN
RHI,WI,WISCONSIN,ONEIDA,RHINELANDER,RHINELANDER-ONEIDA COUNTY
BKW,WV,WEST VIRGINIA,RALEIGH,BECKLEY,RALEIGH COUNTY MEMORIAL
CRW,WV,WEST VIRGINIA,KANAWHA,CHARLESTON,YEAGER
CKB,WV,WEST VIRGINIA,HARRISON,CLARKSBURG,NORTH CENTRAL WEST VIRGINIA
HTS,WV,WEST VIRGINIA,WAYNE,HUNTINGTON,TRI-STATE/MILTON J. FERGUSON FIELD
LWB,WV,WEST VIRGINIA,GREENBRIER,LEWISBURG,GREENBRIER VALLEY
MGW,WV,WEST VIRGINIA,MONONGALIA,MORGANTOWN,MORGANTOWN MUNICIPAL-WALTER L. BILL HART FIELD
PKB,WV,WEST VIRGINIA,WOOD,PARKERSBURG,MID-OHIO VALLEY REGIONAL
CPR,WY,WYOMING,NATRONA,CASPER,CASPER/NATRONA COUNTY INTERNATIONAL
CYS,WY,WYOMING,LARAMIE,CHEYENNE,CHEYENNE REGIONAL/JERRY OLSON FIELD
COD,WY,WYOMING,PARK,CODY,YELLOWSTONE REGIONAL
GCC,WY,WYOMING,CAMPBELL,GILLETTE,GILLETTE-CAMPBELL COUNTY
JAC,WY,WYOMING,TETON,JACKSON,JACKSON HOLE
LAR,WY,WYOMING,ALBANY,LARAMIE,LARAMIE REGIONAL
RIW,WY,WYOMING,FREMONT,RIVERTON,RIVERTON REGIONAL
RKS,WY,WYOMING,SWEETWATER,ROCK SPRINGS,ROCK SPRINGS-SWEETWATER COUNTY
SHR,WY,WYOMING,SHERIDAN,SHERIDAN,SHERIDAN COUNTY
WRL,WY,WYOMING,WASHAKIE,WORLAND,WORLAND MUNICIPAL
